[
    {
        "102": {
            "reminder": "Play videogames",
            "timer": "22:00",
            "type": "simple"
        }
    },
    {
        "103": {
            "reminder": "Clean house",
            "timer": "09:00",
            "type": "simple"
        }
    },
    {
        "104": {
            "reminder": "Meeting with boss",
            "participants": [
                "Ali",
                "Sara"
            ],
            "timer": "13:00",
            "type": "meeting"
        }
    }
]